Open time,Open,High,Low,Close,Volume
1735704000000,0.17004000,0.17990000,0.16767000,0.17032000,6355693.00000000
1735718400000,0.17062000,0.17754000,0.16600000,0.16976000,7747716.00000000
1735732800000,0.16978000,0.17122000,0.16634000,0.16844000,3450863.00000000
1735747200000,0.16843000,0.16999000,0.16550000,0.16994000,3239785.00000000
1735761600000,0.16971000,0.17437000,0.16867000,0.17178000,2893857.00000000
1735776000000,0.17162000,0.18500000,0.17040000,0.17917000,6461946.00000000
1735790400000,0.17915000,0.18305000,0.17207000,0.17408000,5103036.00000000
1735804800000,0.17437000,0.18574000,0.17400000,0.18186000,8649953.00000000
1735819200000,0.18186000,0.18344000,0.17605000,0.17735000,3240949.00000000
1735833600000,0.17720000,0.18012000,0.17541000,0.17617000,3172875.00000000
1735848000000,0.17621000,0.17675000,0.17298000,0.17542000,2143322.00000000
1735862400000,0.17542000,0.17760000,0.17316000,0.17612000,1385269.00000000
1735876800000,0.17612000,0.17612000,0.17274000,0.17303000,1379043.00000000
1735891200000,0.17303000,0.17733000,0.17052000,0.17426000,3858698.00000000
1735905600000,0.17426000,0.18428000,0.17382000,0.17928000,6044865.00000000
1735920000000,0.17900000,0.18565000,0.17873000,0.18137000,3788882.00000000
1735934400000,0.18137000,0.18500000,0.18035000,0.18196000,2094369.00000000
1735948800000,0.18176000,0.18199000,0.17750000,0.17955000,2197566.00000000
1735963200000,0.17962000,0.18999000,0.17758000,0.18805000,2257696.00000000
1735977600000,0.18804000,0.22220000,0.18180000,0.20842000,34296948.00000000
1735992000000,0.20842000,0.23888000,0.19499000,0.23040000,55437196.00000000
1736006400000,0.23040000,0.23660000,0.21474000,0.22480000,40162951.00000000
1736020800000,0.22442000,0.22843000,0.21440000,0.21616000,14654443.00000000
1736035200000,0.21608000,0.22200000,0.21200000,0.21632000,10711687.00000000
1736049600000,0.21659000,0.22500000,0.21300000,0.21349000,7814602.00000000
1736064000000,0.21348000,0.23450000,0.21300000,0.22023000,22348856.00000000
1736078400000,0.22022000,0.22780000,0.20686000,0.21419000,14392573.00000000
1736092800000,0.21418000,0.21553000,0.20655000,0.20738000,7280806.00000000
1736107200000,0.20707000,0.22580000,0.20505000,0.21437000,10524580.00000000
