Open time,Open,High,Low,Close,Volume
1735776000000,0.17162000,0.18574000,0.17040000,0.17542000,28772081.00000000
1735862400000,0.17542000,0.18565000,0.17052000,0.18196000,18551126.00000000
1735948800000,0.18176000,0.23888000,0.17750000,0.21616000,149006800.00000000
1736035200000,0.21608000,0.23450000,0.20505000,0.21437000,73073104.00000000
